Usr,
-mIDE-,
1000rpm,
216stitches,
2d20,
2dTones,
9snick4,
aaj94,
Aazmp,
Aberdeen1977,
abernath,
absenthero,
Abso,
Abstract Paul,
abweins,
AC0990,
AcemanBR,
acharland,
Achire,
Adamadamadam,
AdamCarr,
adamisclassy,
adamredwoods,
adamscott,
adamw,
adamxt,
addamsik,
adebisi,
AdelinDumitru,
Admiral Fisher,
adrian754,
adrianlafo,
adrianliew93,
adrim,
adrucan,
adzimshahabudin,
aeroguru1978,
aesthetocyst,
Aethubryn,
afafard,
afeldmann616,
Ag0n1st,
agaveman,
AgentQ,
AGN1964,
Ahimaztj,
ahwood23,
AiGang,
aimoned,
Airamand,
Ajax,
ajewo,
ajpl,
Akado,
akanail,
akoes,
AKWA_VQ,
al3atross,
Alan Stern,
Albarc,
Albireo,
Aldaron,
Aleahcim,
alek2,
Alekzs89,
alemas81,
Alephent,
alephzero,
alepsycho,
AleS1o,
alexdrazen,
alexei19,
Alexon,
alexs34,
AlfaGT,
alfseegert,
Algorithm,
ali16590,
aliakel,
alicialaura,
aliplaysalot,
alki,
allainina,
allaroundtheboard,
allbroke,
AllentownSue,
AlPacino11,
AlphaLoR,
Alsona,
Alteffor,
althreen,
Alvukas,
alxndrch,
AmethystJewel,
amiller01,
Amyss251,
Anakha88,
Anbucku,
Andrem31,
andrewravesax,
Andy Pain,
Andy Parsons,
andy61,
AndyHolmes,
AndySzy,
animeinme,
ankeszu,
AnnabelleD,
annabelseaton,
annemariemcd,
anomander64,
anshulj,
Antetokounmpo,
ants_cymru,
Anub1s,
anubis_cuk,
apkendrick,
Apple Paul,
apratch,
aquamenthae,
AranoJ,
Arara,
Aratar,
arbitrarychoice,
Arboretum,
archi206,
Archive77,
ArcticLancer,
Ardrosis,
Aredan1528,
argaille,
Argantonio,
arglik,
arian,
arildoaim,
ArkadiuszM,
Arkeas,
arkonnen7,
arlhok,
Armadillo Al,
armed-medic,
arminus,
arnaud4matagot,
Arnebirger,
arod324,
arsenal412,
ArtEmiSa64,
arthurteiler,
artur271177,
aschmidt,
asdfghjk1335,
Asemkin,
Ashgrove,
Ashiram,
ashman,
Ashtala,
Ashtrix406,
Asphodele,
asta,
astalis,
Astral_Complex,
Asur,
ataniker,
atcjohn75,
Athaldor,
athiel,
atmpoison,
atomicteaspoon,
Atomikrin,
atonaltensor,
Atus,
atwilson,
Au79,
audpogue,
AUevans78,
AutobotKiller,
autothrall,
awesomefresh,
Axcid,
Ayanami77Ivy,
ayatsajedi,
ayo23,
ayukene,
azurb1,
a_esbech,
BadassBilbo,
baddice,
BadgerGatan,
baditude,
bag28,
Baguety,
Balargon,
Baldboy_1,
Baldwinus,
balijan2,
balis,
balrogest,
baltruce,
balzi,
bamfank,
BaneStar007,
Bangla,
Bankler,
BanthaFather,
BarbaraP_AleSR,
Barduchi,
bard_ard,
barnstorm,
barnyams36,
Baronet,
Bastwood,
Baumschmuser,
Bayushi Sezaru,
bbalkenhol,
BBBD77,
bbhalla,
Bbilsen,
bbkoene,
bbol24,
bbulkley,
bcbgg,
bcnevan,
bcontant,
bdroberts,
beantakeshi,
beatlefreak84,
BeefyThePug,
BeerNinja,
Bellaatje,
bel_e_muir,
ben priest,
Benjaminviking,
BenjaRocks,
benme,
BennyD,
BenRon,
Bergbau,
bergerrc96,
bernsteinkatze,
BestCheckedIn,
Betsushi,
bezzz,
bggmatje,
BGGnewUser,
bggwinken,
bgpopapmp,
BG_Lambert,
bhudson1972,
bialix,
biedren,
biffta,
Big Tiki D,
BigD527,
Bigft64,
bigmac33070,
bigoi75,
bigwhitt,
bijanajamlou,
Bill0804,
billjazzer,
bimbi,
bismarck1871,
bittelsworth,
Bittlestumpf,
bivaterl,
Bjanze,
BJ_Speedy,
bkunes,
Black Rabbit,
Blackhowler,
BlackSerran,
Blacktunder,
blackwolf2015,
Blicke,
BloodyMe,
bloseth,
BlueOne8,
bluesheep,
BlueSwan,
bmacp,
bmidget,
bnordeng,
boardgamesdotEXE,
boardmathias,
BobbyReichle,
bobgabriels1,
Bobonthecob,
bobule,
boettler,
Boga82,
Bojangles2002,
BoltKey,
boltongeordie,
Bombadillo,
Bonapart,
Bond8089,
Bonzolo,
boogster,
boomingsooner,
bootleby,
bop517,
Borcha,
bordspelkampion,
boredbeyondbelief,
Bort,
bortmonkey,
BoSsRoSs,
boulderman,
bowie47,
Boxer Santaros,
bradalmighty,
bramadan,
BrambleBeard,
Brave_Keldorn,
brentont,
bretk,
Brett1231,
brewsaki,
briantong111,
bright_future,
Brimat,
britishent,
BrodieMcK,
BrokenNick,
brookeside1,
brothervm,
BruceJackson,
BrunoDeVries,
brutusbear,
Bryan_Fury,
BSC_Elite,
bsilver,
btasam,
btharveyku08,
bubblepipemedia,
buckbagr,
bucklen_uk,
buddyandy88,
Bugscheese,
Bulwyf,
BunnyGer,
Burnns,
Butapren,
Butscher96,
BvdM,
BVG1108,
byfed,
bykkarn,
byobodybag,
byturn,
ByZhonskis,
C3Gaming,
cabbagekingaf,
Cafard Vert,
cain_ball,
calbond,
Caldinhas,
callmedude23,
calvariae,
calvinc71,
Cam27,
cambiumGames,
camBoardGameAccount,
Camdaddy08,
CameronWLucas,
CanadianWyteWolf,
candoo,
CannonFodderTed,
canucklehead,
capndeevers,
CaptainJax,
captncavern,
caradoc,
Carbor,
Cardboard Conundrum,
Cardinals101,
carlcorey,
carlosleonrendon,
carnodingo,
cartaio,
Cartchamp,
cartkun,
casikiller,
casterman,
Cat1714,
Catyrpelius,
caussourd,
Cavern_11,
cbazler,
cbrua,
cbrunsdon,
cchamp29,
ccmonter,
Cdric87,
CDRodeffer,
ced356,
CegouineDykon,
Celebrith,
celsotavora,
Celtic,
Cerebellum_X,
cereus,
Certacertamen,
ceteris,
cfp503,
cfsjess,
Chaaber,
Chabousse,
chad53773,
chaddyboy_2000,
chaelm,
chainsaw3x,
champouix,
charkio,
charleaux,
Charlesworth,
Charlie1701,
CharlyGeek,
charmside,
chayashida,
chbates,
chearns,
Cheesechick,
cheetahwings,
chenproton,
CheshyHellcat,
chg21012,
chifanpoe,
chill3d,
cho8989,
chopsueycop,
Chris Bayley,
Chris Freiberg,
Chris Modica,
Chris Schreiber,
CHRISDH,
chrisjcon,
Chrisnashville,
Chrisrob,
christavanamstel,
christianrehm,
Chuggas,
Chuie,
Chu_Junyu,
cichlidhead,
ciggie,
cindywilliams720,
cirainy,
ciro,
ciuffo,
cjbrick,
cjschumacher07,
ckolokotronis,
claralee,
ClarkKent,
ClassicFrog,
classified22,
claudio212,
cledoux,
clmdvd,
clo116,
clockwerk76,
clvrtrvr,
Cmchammer,
codelish,
Cogliostro,
Colemaninho,
ColMustard,
CommieGold,
Cone Defense,
Confusedpup,
ConnorDunlap,
conschobhar,
constancy,
Contercontra,
cookingwolves,
coop109,
copydawg,
Cor6,
Coraval,
Corneem,
cornelanner,
CornHazard,
Corsairs,
coryke,
CosmoVibe,
CotB,
cotteux,
Cowain,
cowchip7,
Coxigeno,
coxy_fc,
Cpt Nix,
Cranky Lobster,
Crashoveride,
craw-daddy,
Crayonmuffin,
CrazyCod,
CrazyMani2,
creascreatur,
creed4lyfe,
cromatoast,
Crossr1980,
crucius,
Crunchycrumb,
Cryp7o,
crypt0_n3rd,
csklimowski,
Csvitya,
ct5150,
CtpUK,
cturnitsa,
cubeconvict,
Cubsfan31,
culturejam,
CurryBento,
curtc,
curtish,
cuteusagi,
cymric,
Cyperon,
cypherx,
D0NK1J0T3,
D1zzy88,
DadNZ,
dadoeboi101,
DadouXIII,
dagopher,
DaGreenMachine,
dalec,
dalton-almeida,
Damdael,
Damion Schubert,
damja,
damo164,
DanAbraham,
dancingdanslc,
danephoto,
danielmleitao,
DanielRichard,
danperrault,
DanteSe7en,
Dan_Marius,
DapperDanMan89,
DarioAggioli,
darkbanan,
darker,
Darkmini,
darKOR,
darkrenown,
DarthVal,
Dashulkacss,
das_boom,
davenic72,
DaveyB,
DaveyJJ,
David4242,
davispigeon,
Daybreak,
dboyee,
dcaccavano,
dduhamel1,
ddvdude,
De spellenzolder,
deactivision,
DeadFrog,
Dean Bud,
DeanMoriarty,
DEAT,
deedob,
deep6ixx,
deepskyblue,
DefenderNES,
dejunking,
DeKerstman,
deleted,
Demiss,
DeMorcerf,
deniskiske,
Dennis Murray,
Der Gwiedo,
DerBiegel,
derenne,
derfos,
derPio46,
deserter85,
detchere,
Detournemented,
DevilsTrill,
de_aztec,
dfetz3,
DFu4ever,
dhable,
dhelsby,
Diarmud,
Dice Mage,
dicenation88,
Dierk,
dieterminator,
digdoug,
digitalirony,
diguno,
dimday,
dinozaurplanet,
diosuke,
dirtyharry2489,
dirubin,
disenor,
DivadNeol,
dixiec,
djcrazyb,
djelol,
djiboutianllama,
DJLaRew,
djnesq,
dlc_1532,
dlgross,
dmarsh1989,
dmczyn,
DMountford,
dnl80,
Dobbin2,
DocChills,
DocCool,
Doclatower,
DoctorJ,
Dodb66,
DodgerDoug,
doerrhb,
dogen,
Dognesium,
doldilocks,
Dolphinandrew,
Dolphineke,
domcrap,
domus_ludorum,
Don Smith,
Doomfarer,
Dopeski,
dophin26,
Double Dan,
dougadamsau,
dpbernath,
dr glaze et al,
Dr Locrian,
dr.morton,
Dragoncards,
dragos_br,
drakkos,
DrDoom4,
dreno3,
drew4601,
drex_pierce,
DrGrayrock,
drlowdon,
droberts441,
droogiefret,
DroppEcho,
drsouthard,
drwendyv,
DS2017,
dscoBee82,
dseagle,
dshortdesign,
dshrier,
dsmeyer,
dsmoses,
dstephens,
dterric,
dtmm,
dtray,
DT_fcampos,
duanev,
Dubbing,
Duch,
Duckster,
duckworp,
dukelander,
DummeGans,
Dungeonmaster_007,
dwacker,
dwrigley,
dylpickle,
Dynastico,
dYnkYn,
eadred,
earthtone,
eastyanggu,
eatingtree,
EatMoreSushi,
Eazy,
EbbeC,
ebz28,
ececec,
EchoOperative,
EdChekushkin,
eddiebessiere,
eddinho21,
eddy_sterckx,
eduardpop,
eduart,
Eeeville,
eguell,
eimative,
ejohnso9,
ejohnson7,
ekloff,
El-ahrairah,
Elankat,
ElasticPanda,
ElCapitan76,
elclarkey,
Eldard,
ElderSigned,
eldooderino,
elfomarcio,
Eliany,
ELink2k,
EllenCaroline,
EllenM,
Elocution Safari,
Elric of Grans,
elrohirthehasty,
ElScraggo,
Elston,
elucidarian,
elvis82566,
el_italiano,
emagius,
emezera,
emptyset,
enavico,
Ende,
engda59,
EnumahElish,
Ephastion,
EpicEngineer,
epicgamer,
EpicViking,
erak,
ericbad,
ericbinnyc,
ericbjohnson,
ericlosiewicz,
ErnestoPavan,
ERPriest,
erzengel,
escueladejuegos,
esed,
esphill98,
etezonael,
Ethereal87,
etotheipiplusone,
EugeneBazhenov,
Eveline2017,
Evenhope,
evilexnumber3,
EvilPolBro,
evlkeith,
ewokracoonbreder,
exparrot,
ExplodingSnail,
extatix,
eyelashpulse,
Eylh,
e_vandyck,
f1shm00,
f3llini,
Fabregus,
fabricefab,
Fabulous Father,
facebook coup,
facharbeit,
Faldum,
familywontplay,
fantome,
farsidehobbes,
fastattaq,
Fatalerror1972,
Fausticus1,
fehrmeister,
feldfan2014,
ferengi,
ferion,
fermir,
Ferrant,
fides,
Fifus,
figsquare,
fijigus,
FilipCas,
filwi,
fisha,
fishmountains,
fixpix,
fizzle,
fjaoaoaoao,
Flaming Spud,
Flangomango,
flashshadow69,
Fleecer,
FlightofAces,
Floeren,
floppei,
florencka,
FlorianMehlmann,
flow wong,
flrecord,
fluiwd,
Flundi,
Flupperdeflup,
Fluxx,
FlyingArrow,
Fneup,
Fohammer,
frahminator,
francarde,
Franco500,
Frankiemac20,
FranklinT,
FranklinTV,
FranklynStreet,
FrankNBeans13,
frankqb,
FraroSimnew,
freakball,
fred25,
FreeArt,
freechinanow,
Frenchwolfie,
FridleifFaehn,
Frillycakes,
Frisches,
frogggirl2,
frogmind,
Frootshoot,
frotes,
Frozen Flesh,
FrozenHoHos,
Frunzi,
fsnam,
Fubuju,
Fulminata,
Furan,
Furkler,
furthing,
futhee,
Fuzzcrumbler,
fvervial,
Fyrearrow,
g07h4xf00,
g6grim,
GabeS,
Gabriel,
gabtrat,
galaxybear,
gamblerch,
game addict,
GameOrWatch,
GamerA11,
Gameraapke,
GamerComa,
gamerpete67,
gamerx11,
Gamer_Dog,
gamezendo.com,
Gamezombiac,
game_jedi,
GamingCoupleGA,
gamingkid,
gapsxever,
GarcianIII,
garethtrussell,
GarfieldKlon,
Garoumbar,
Garth M,
GaryCollins68,
garyj,
garytsai1,
gaspodog,
Gdau,
GDB_,
Geckowhite,
Geeken,
geekgameralan,
Geek_in_June,
GeertruiVM,
Gekey,
Geliace,
Gemelli23,
generic_erwin,
genoan,
Geomer,
GeorgW,
Germflinger,
gerst19,
Gerth13,
getareaction,
gethankins,
gg607886,
ggmorris71,
ghorron,
GhostKingGeorge,
ghostofmerlin,
Gibbo,
GibsonGirl,
gidorah,
Giforian,
gigigun,
giltleaf,
gimli043,
Ginet1,
ginsbu,
GinTonic80,
Giorgiarelly,
girman39,
Girts,
gixmo,
GKFelts,
glanfam,
Glasgow17,
gleipnir,
glenloch,
Glitterfolie,
glucoseqq,
glunsforddavis,
GMGates,
Gnodax,
Goatcabin,
Goblen,
gobruno,
godcon,
GodfatherPTS,
godzirrrraaa,
GoingTopShelf,
goinup,
Gola,
Goldron,
Gomer,
Goodsound,
GorditaCrunch93,
Gorgoneion,
GoTeamVenture,
govindk,
Govy 66,
Gr1mlock,
gr9yfox,
gradman2k3,
GrandKhan44,
GrannyRELee,
grapesinacake,
grasa_total,
Graywacke,
GreatGrahamBino,
Green Heron,
Greenosaur,
greglios,
GregoriusVG,
grewal1980,
grey deceiver,
Grey Pilgrim,
GrimSqueaker666,
grisa,
Grishny,
Grok it,
grundalow,
Gruntowny,
Grunwald,
GSReis,
gtogixxer,
Guentschi,
Gulgothica,
Guruphil,
GusG4Real,
gusornot,
GustiC,
guzforster,
Gvconkel,
Gwfalcon,
Gyges,
h00sha,
H4nn1bal,
H8Man,
hackryder,
hadry1,
HairyPotter,
hakuus,
halaisb,
Halden,
hall0n,
Hamjul,
Hanno,
HansDavion,
Hansdorr,
HapPlay,
happyjosiah,
happymike,
HardCore,
harmweberiii,
Harry Lime,
harveyson99,
Hasematzel,
Hassard,
Hauss_Charged,
HBGlover,
hdbg,
hddgamer,
HeavyAdge,
heavythinker,
Hejlate,
Hellduderino,
hellp,
henn,
henryct,
herendil66,
HereSince2010,
Herkules,
HerrDoktorWho,
hesfordj,
hetile,
hexaeder,
HHarengel,
High Elf Andrew,
HilkMAN,
Hillean,
Himmelhund,
Hirea,
hiyou,
hobbitg,
HoboGrandpa,
hockeyjones,
hoduldt,
holepuncher,
holf,
hollybells,
holycrap2003,
HolyHamburgers,
holylein,
homtchr2013,
hongkia83,
HON_BG,
hoodedhawk,
Houlie,
Houron,
howdyhamster,
HowitzerBug,
hphwnz,
HRune,
huffa2,
hulgargravairiane,
hungjutsai,
Hurt,
huskerdont,
hxbx,
hyperinactive,
IamBob,
iammiles,
iamnan,
iamzimmer,
ian4,
ianne,
iansbach,
iceman23,
iceshine,
idevenk,
idfpower,
IgorPyr,
igor_f,
IKissedASquirrel,
illnicko,
ilofac,
ILoseAtLife,
Ilse23,
il_grima,
imaginaryforce,
IMCarnochan,
iMisut,
Immaterial,
immersedreality,
immyboy,
imoneox,
inane_sage,
Indexspartan,
Indiana Jokes,
Indiana_Dawn,
indjk,
industrial strength,
inkcat,
Inkling8,
Inner__Light,
Innsmouth_Look,
Insect83,
inuitmyth909,
Invicta Bricks,
Ion514,
irishroar,
Isaacevil,
iskendercatalbas,
islander,
ivan111,
IvyShea,
Izobretenik,
Jace Beleren,
Jacker20xx,
JackyTheRipper,
jadonis,
Jag_girl,
jak23xf,
jakzi,
Jalangaloze,
jamesjacob,
janetfap,
JankyToys,
Jansy,
Japara,
japol,
jaredchewy,
jaredgrubb,
jaredh,
Jarradshaw,
JasonSaastad,
jasunie,
javierclaveria,
javitowildchild,
javitxu83,
jax900,
JayC707,
jazontan,
JazzFish,
jbelis,
JBert08,
jcarvin,
jcquist,
jdht,
jdkilby,
jdludlow,
Jeff Burton,
Jeff Weber,
jeffaudio,
jeffwolfe,
Jejam,
jellynut,
jenjkz,
JennyK169,
jenoe,
jens_hoppe,
jeremyfreese,
jeremylgunter,
jergarmar,
JesseRR,
JesseW,
JESUSisCHRIST,
jewjee,
jgm72,
jgoyes,
Jhimbob,
jhuebel,
Jibonader,
Jicon,
jill e gamer,
Jim Marshall,
jimgrant,
jimmychucc,
JimmyJames77,
JimmyNi,
jimtwo,
Jimzik,
jjacjackson,
jjjim007,
jkoclanis67,
jld1571,
jmendoza774,
jmoline,
JMPergar,
Jmsgamer,
JMthePhilosopher,
jnharr,
jnoblitt,
Joakley815,
Jocab,
jocafli,
jodokast4,
joeeoj010,
Joemono,
joerg73,
joetweber,
joewyka,
John Rogers,
John501,
johnb4bgg,
JohnBandettini,
johnclark,
johncraven,
Johnny Opie,
JohnnyDav,
johnnyjrojas,
JohnnySchmaser,
johnnyspys,
JohntheMonster,
jojolafrite,
jollypirate,
jomerman,
jomkey,
Jonas.Mann,
jonaskoelker,
JonathanW,
JonBen,
jondodd82,
jonp312,
Jorad,
Jorage,
Jordies Team,
JoSch,
Josekill,
josephsibleybridges,
JoshTheRouser,
joskyano,
jos_smeets,
Jr04068,
jrallen7,
JRobYo,
jrupes,
JSangha,
jslater1,
JSMullins87,
jsnell,
jsssssssca,
jsteedhayes,
jtakagi,
jtflynn,
jttm,
ju012835,
juanhamers,
juanjo1990,
Jubyhuff,
judd3336,
judo artist,
Jungleee,
Junkfoot,
junkweb,
jusdup,
JustinRRizzo,
justwright62,
Just_A_Gamer,
juuzzom,
JVallerand,
Jvforrest,
jwallerrocks,
Jwareluk,
jwh3,
jwinter71,
KABIA66,
kabukigod,
Kabusia,
kadian,
Kakiri,
kalchio,
Kalense,
Kalives656,
KALLO,
Kamaitatchi,
kamchatka,
kamikaza,
kamikazu,
Kanalasgem,
Karahkwa,
Karl Webb,
karlhanf,
KarolisED,
Karotka,
Kartoffelkeks,
Karujin,
Kasi12zKE,
kasiaflig,
kaszkiet,
Katabrok,
katanan,
katang,
Katapulp,
Katcho0,
kater85,
Katielou,
katlibrary,
kawa83,
Kazkaron,
Kazoober,
Ka_el_em_O,
keanex2788,
keekohmygod,
kefyras,
kegz,
Keith Shapley,
keithmiller99,
kelmarcos,
Kelsin,
kendahlj,
Kenfeldman,
kenh1967,
KenHuffman,
Kenji310,
Kent,
kentaro131,
kentonda,
kentonwhite,
kentrisk,
Kether1983,
kev360uk06,
kevan,
Kevfromle,
kevinpdx,
kevinruns262,
Kevin_Whitmore,
Keyser815,
Kghetto,
Khimming,
kikiquynh23,
killanowski,
killerjoe1962,
killoqpasa,
Kimball Bent,
kimohno,
kinga1965,
KingArv,
KingMePlease,
kingplayer14,
Kingsoby1,
KingSUSHI33,
kirklandsigs,
kisgyoriz,
Kit Strong,
Kitabuck,
Kittyfringhi,
kittykat27,
Kjetil A Tangen,
Kklinkk,
klarkinhistrep,
Klausi300,
Kl√∏ve,
kocio1991on,
Koert,
Kokoflo,
kolibri75,
Kollppo,
kooldudetimmy,
Korei Khan,
korsariovsaml,
kosterix,
KotieRW,
koutynhu,
KOZ_12,
Kraggster,
krakrs,
KrisKhoo85,
KrisVerbeeck,
krit1789,
krotok,
Krshna,
ksawyer85,
ksims91,
KubaP,
kurtensen,
kvnmcfddn,
Kyle Mulder,
kyleandvalerie,
kystas,
K_Peguero,
L00di,
l111,
laexpls,
Lagomorph,
lagunero,
lahoski,
Lahsbee,
Lake21,
LanceCorporal,
Lapu,
larryjrice,
larse,
Lassimer,
latindog,
lauratjeuh,
laurie1020,
Lawster,
LazyRobot11,
lbtrigger,
Lecaro,
Lechonbaka,
leemc13,
Lefty Writer,
Legomancer,
lehooleh,
LeinadRPG,
leisenstein,
LemurCrisis,
lepofl,
Lesingnon,
LesPatatas,
Leto2626,
Leumus,
lewix,
LexusTG,
Lezer,
LeZerp,
lgnosis,
lifehouserocks95,
LightRebel,
lilajax,
LindaMaxwell,
linlifu2003,
lion123,
LisaO16,
littlechandler,
littlegerm,
lizanderson,
LjupchoMKD,
Llaharas,
Llama Herder,
llamaduck,
Llyria,
locusshifter,
loganholman,
logopolys,
lolinterwebs,
Lone Ranger,
lonewolf,
Looksun,
looleypalooley,
Lord EduCation,
Lord Heisemberg,
LordBalder,
lordvoldemort,
LordVorpal,
Lord_blackghost,
lorex888,
Lorthania,
Lotrax,
loudovikos,
louiepleurodon,
LouisDavid,
loweb1,
Lpiche,
lstr,
lswaage,
ltalbot87,
lubbockleft,
Luckie_lulu,
luckyduke,
Ludentotten,
LudoAria,
Luds,
Ludwig Seitz,
LuisGomez,
Luisjoey,
luizhbarreto,
Luke the Flaming,
lukedenby,
LukeWarmLuke,
LuluChia,
LunaWolvesMan,
lunlunlu,
Lush,
Lustosa,
Luthanial,
lynch007,
m0mentum,
M2Tu2f,
Macandmeisthebest,
MachineEpsilon,
MaciusPiotrus,
mac_s_1,
Mad Ram,
Madbonna,
Madcapmartini,
madchiotis,
madchow,
MAddMAnn,
MaDeLa123,
madhatter,
madmak72,
madsperm,
madster321,
Maery,
mafela,
mafman6,
magdalencox,
Maggiemay6,
Maghd,
MagicDave321,
magicjavelin,
MagicSam,
Magritte,
Maik,
majagua,
majiming,
majmcdonald,
MakkeDude1,
makochin,
malakav,
malayet2,
malbarran,
maleficmax,
Malenka,
malibu_babe_28,
Mallgur,
Malphazio,
Mamadallama,
mamani_cholele,
mangozine,
Mansplaination,
Manti1966,
mantler,
ManuRob,
mapaolini,
maple08220,
Maraline,
marciusfabiani,
MarcoK,
marcos111,
Marcospielt,
marge2,
margrabius,
MarkEJohnson,
markkawika,
markmist,
Markwerf,
markwolf,
Marmaduke Jinks,
maross,
marquisalex,
marrog,
Martin Ralya,
MartyJackson,
Martystrub969,
Martz560,
Marudka,
marydjonnes,
marylouls,
masakrator96,
Mashpotassium,
MastrTech,
MateE,
Matotias,
matpe,
Matt Logan,
Matt12,
Matt62702,
matt769,
mattbain31,
MattDP,
Matthew McNaughton,
Matthias_K,
Mattias Persson,
Matttinn88,
Maximat0r,
Maxxamus_Time,
Mayasty,
MB3000,
mbrochh,
mbruner1984,
mccoll13,
Mcgarnagle,
MCKNGBRD,
McLoempia,
McNinjaX,
mcpat0226,
McTan,
mctom,
mdco,
mdelisio,
meeba,
Megaman2304,
MEGAMODE,
meimbatman,
Melissa0366,
melmothTW,
MentatYP,
mercopparis,
Mercucio8,
Mestremuten,
MetalGuitarist,
metelo,
metri8,
metroidsammy9,
MetroRyushi,
Metttyu,
mfacen,
mfmise,
mgclark29,
MGSmith87,
mhalowel,
Mhamill32,
mhoehener,
Mibel,
Michael R,
Michael Ward,
michaellasalle,
Michiel,
MichielTummers,
Micker,
micklizzy,
mickwood,
mics,
MicumCavish,
midasiam,
middletonner,
mightybishop,
mika1560,
Miked1921,
MikeTuna,
mikevande,
mikeweeney,
mikeyash,
mikeymischief,
mikeytheblack,
mikkeri,
millsyboy,
Milo1969,
mindmgmt,
Mirth123,
Misha99,
mishab,
Miss Ebola,
misskitten,
misteralan,
mistercrayon,
mitTch,
mizo_hazem_2,
mi_de,
mjf71,
mjk1108,
mlanza,
Mmnemno,
mmrmre71,
MNBUCKMANIAC,
MobyNostromo,
Mohasz,
mohem,
monacelli,
mondieusse,
monkeyburp,
montsegur,
Moonpie13,
moramis,
moremonkeys138,
morinio,
Morrison,
mortis316uk,
MortisDarkblight,
Morwen89,
moses88,
Mossquito,
Mozzik,
MPMelanchthon,
Mr Jummy,
Mr Mjeh,
Mr Thijs,
mrblueesq,
mrcl_mtnez,
MrInternet1975,
mrkmorrison,
MrMile,
MrMosfet,
MrPosadas,
MRSalem,
MrSalsa1,
Mrseebo,
MrsFWDIV,
Mrticktack,
msaari,
Mstatham15,
mtgofiend,
mthomashow,
mtsedwards,
muffino,
munchkinloser7,
muncleuncle,
MunterSlayer,
murphboard,
Murr,
murzim,
Muse23PT,
MusicaVilao,
muspel,
Musteki,
Mwarmb,
mwgulby,
mwmwgaming,
myerz,
MyMetalSpine,
MysterETime,
myyysha,
Nachtfalke67,
Naga_Ten,
NagyDagy,
nakedmeeple,
Namake,
namihn,
Nap16,
narcher007,
nargles6,
narolenko,
nasenbohrer,
Nashgoth,
Nate Dorward,
Nathardicus,
Neale2006,
Nebresh,
neflight86,
negatrev,
negroscuro,
Neil Thomson,
NeilGordon,
NeilIsagam,
Neliapina,
Nemralis,
nemspy,
Neo_1,
netes,
Nethrix,
Neurasth,
Never2manygames,
neverik,
nevermaybe,
newkillerstar27,
Nexsis,
niallsays,
niblet22,
nickbudz,
nicoduxx,
Nicoletta217,
Nicosca,
nieb,
nielsvanoch,
Nikomakhos,
nilsversemann,
NishaDS,
nismo,
NIUMath4,
njsoh7,
nlfuller77,
Noblegrizzly,
nocom,
NonProfitGnome,
Norbert Chan,
notclive,
notnorb,
novin_sh,
NoxMortem,
nrruport,
nsparks,
NsYooN,
nukeu666,
nullcorp,
number_eight,
Nussknackerz,
nvidia3dfx,
Nyahm,
nye1006,
Nyth,
OasisFlyer,
ObzidiaN,
Odinsday,
OdysseusX,
Officer Sugar,
OFFtheWALL850,
OGRussHood,
ojaidave,
Olafslomp,
Old Slimy,
olfenw,
olivewolf,
OMaimon,
OMD56,
Omertron,
Omgrofl,
onewingedangel777,
ongkybeta,
Onilicious,
oninoyakamo,
Onion27,
ooba,
ooogene,
oowick,
Opie,
orange,
oranssioranki,
OrionHegemony,
orlandoron,
Orski,
oskari,
Osprey,
otoolejp,
OtterZero,
otto1980,
ottobre31,
ousgg,
Ouverture28,
Overexposed,
Ovrlol,
OxfordRow,
OysterZed,
oyuncu,
ozolief,
padawanguru,
pagan11,
Pahn,
PaleHorseRider,
Panchosintuiter,
pansonic,
Panzerknacker,
Papa Ninja,
papasatyr,
Paphoved,
Paplap,
pappleton,
Parabellum76,
parapalooka,
Parliament,
pastatistician,
pastorarod,
paul10liao,
paulabatton,
paulkessels,
paulrumohr,
Pavarok,
pavelr,
Pawlo_1089,
pbastos,
Pbflannery,
PBrennan,
pdrseuss,
peakhope,
Peanut3181,
Pebble1,
pellipeps,
penncajones,
peoblej,
Pepperpants,
PeqTymothem,
per42,
perashaman,
Peter The Rat,
PeterRustemeyer,
pezpimp,
pfctsqr,
Phadrus00,
phantom16,
Phantomh1ve,
phantomness,
PhantomPhixer,
philby71,
PhilParma,
phinfan2003,
phlogiston6718,
Phrim,
phunter,
Phyrexian,
pickboy87,
Piet Wenings,
Piet13,
pietlavens,
Pietro Pomella,
pilarius,
pingus,
Pinto,
Pintsizepete,
pipo777,
Pipo99,
pkue,
Planszman,
plezercruz,
plomac,
Ploopus,
Plush,
plz777,
pmduguay,
Poddster,
Polgara,
pollewitzer,
polm23,
Pompadour74,
Ponge,
Poochiekeuh,
pooploserbq,
porkchop_tw,
Portland_Bob,
Poskasto,
povertidonki,
Pozman,
Ppiechuu,
PraneFuji,
Pray4Wisdom,
prd1982,
pridurki,
prigipenda,
princetonwong,
Prinzessin,
PrivateMeggido,
Procerus85,
Profecia91,
Professor_Frink,
profnuton,
ProgramMan,
prokaryote,
Proqs,
prpost,
psique11,
Psychedelicide,
ptm_junk,
PTN19,
Puglord,
pulla,
Punk Reaper,
punkin312,
puzzleme,
pyr-shep,
PZS69,
qreqorek,
qswanger,
Quartzgamer,
Quayde,
quietcorn,
Qumpelblase,
qwertymartin,
qzhdad,
R3Dr4gon,
r3z3nd3,
Rabbits,
rabesandratana,
RachyJ,
RadBG,
rafbluebird,
RaffertyA,
RafikiNakamun,
rafumagination,
Ragnarok494,
railroader,
rainbowoatmeal,
rajeevbat,
rambert,
Ramik,
RandyGr,
randywilburn,
Ranior,
raptorb,
raptorrent,
raptors,
RaTheGod,
ratuntamc,
Rayman1971,
Raymond369,
rayr,
rayzg,
rayzor6,
Razcar,
rbal12502,
RC_DS2,
REAL TIGRIS,
realityfoible,
RebeccaZ,
Rebelde,
Rebollator,
reckoner,
recursyve,
Red22jlj,
Redbeardin84,
redbuddha,
Redd85,
redheadednowhere,
rednar,
Redow,
redprince6,
redwindmill,
Relinquiae,
ReneSauz,
Renji,
Renno,
ReptilianSamurai,
republicof1,
Repugnant Gamer,
retainerbox,
Revi13,
Rew B Slippers,
Rexina,
rgforster,
RHelms,
Rhizzy,
RhodesN7,
Rhoho,
richcharters,
RichLO,
richofthejungle,
richy81,
Rickdey55,
Rickrage,
Rick_Marti,
ricollinb,
ricomoss,
riddhish,
ridiculousthingse,
Rijssiej,
rikicorgan,
RingelTree,
Rintaro Yoshida,
Riseabove,
ritajesus,
rivo,
rjgomes,
rjpomeroy,
rjsheets,
rjtopper,
rkeswani,
rle63,
rlgpharmd,
Rob Riv,
robble03,
Robbus,
Robert Osvalds,
robertcompton,
robertowm,
RobM,
RobRicky,
robrizob,
Rocksteady1986,
rodenbeckb,
Rodge,
RodimusPrime,
RogueGamer,
rohrerjd,
Romagor,
romaric,
RomyCat,
Ron 100mark,
Rontuaru,
roo414,
RoosterJuice,
rorodrisaz,
RoselawnRich,
ROSEMELNAB,
ROSIEonFIRE,
royaldoy,
rpokeefe,
rseater,
rsillas,
Rswayz,
ruazn2,
rubeneri,
rubenzdna,
Rude83,
rudy3,
Rugbydave,
Rumbelow,
Rumpy_Pumpy,
rungalaad,
rusirius,
russ,
Russland3,
RustanR,
ruuin,
RvGRichie,
Ryan Keane,
Ryanrench,
ryanthewired,
rynelf,
RyTroup,
s-man,
S.K. Lator,
s3kt0r,
sa266,
saabee,
sabash,
Saerleon,
SageClock,
Sagenlicht,
SaggyUK,
sajrainwater,
Salo sila,
Salvatore_81,
Salworth,
samburk,
Samga Lemurien,
samhain84,
SamLL,
sammysamurai,
SammySnijbonen,
Samueld3k,
samuelism,
Samwise2112,
SanDionisio,
Sandman1973,
Sandmanx82,
sanpeo,
santafelis,
Santiago,
SapoLJackson,
SaraCV,
sardonic wolf,
SargentAngle,
saturnkk,
Schizotypy,
Schmoopy42,
schnapes,
schrifterz,
Schroinger,
Schwarz_Bruder,
schwastl,
scizztil,
scooter07,
scotchtape20,
Scottyglc,
scottyrobotty,
scps14,
scrub,
Scurra,
SD40,
Sdawyd,
sdevorah,
sdougla2,
sdviking2002,
seaniefresh101,
seanjoleary,
seasnan,
Sebathius,
seckind,
SeeKaa,
seeppp,
selwyth,
Senkoy,
Sepharam,
sequana,
sergio1985,
serkelion,
sestovic,
sette07,
Sevillano27,
sfchris,
sgclouthier,
sgosaric,
Sgt62e,
sgtpepere,
Shadawn,
shadexx6,
Shade_Jon,
Shady Bits,
shagans,
shahinans,
shakeandbake34,
ShallowGravy,
shammois,
shamusj,
shaveandahaircut,
shawnad2006,
ShawSmith2007,
ShepWRISTS,
sherecountry,
sherm21al,
Shermez07,
Sherpherd,
shib71,
shigusan,
Shimaaji,
Shinri,
Shintotchi,
shirtman,
shizzane,
shlomi,
shoggothlord,
shootsahoyt,
Shot007,
shotokanguy,
Shouldox,
shouting man,
shumyum,
Si Fei,
Sigismundoh,
sikaziann,
SillyW,
silverain,
silverfox63,
silverrainmaker,
silvisilvs,
Simicic,
Simone62,
Simulacrum,
SinestroUK,
Sinn104,
sinnylong,
Sintonic,
Sir Gustav,
SirGnip,
sirpsychosexy,
sirrouga,
sirtakedown,
Sir_Alex,
sixstrings4one,
SjakieDeBoer,
skalchemist,
skarnl,
SkateTroe,
Skellytor,
Skudemont,
skudfisher,
skutsch,
Skydragon,
SkyggeJaegeren,
Skyjordi,
SkyShadow38,
Skywalker12,
sl2932904,
slaapgraag,
slar680,
sleevan,
SleeveEverything,
SLEGOLACE,
Slevin678,
Slick!,
SlimDieta,
sloehand,
SlyDaFly,
slydia,
SlyQC,
Smapdy0,
smcneil,
smile10089,
smilingra,
Smofy,
smoothrocker,
smorange,
Smwilkin,
Snapcase,
snivsl,
snoozefest,
Snorrarcisco,
snoweel,
Snowhive,
SNZH,
SoAmazinglyBad,
soccastar001,
Sodapop69,
Solipsiste,
SolomonGrundy,
Songok,
Sonicwarhol,
sonnendieb,
sonofachung,
Sonoko83,
Sorp222,
Sortrose,
soundsimpossible,
SpaceTrucker,
spades8,
Sparticuse,
Spaten,
spatten,
spcsamri,
SpecularRain,
SpiderRunnerTim,
spielebaer,
spieleschaechtele,
Spilljeger,
Spleen,
Spoonbender,
SpoonRaccoon,
Sprayoncrayon,
SpudScarl,
Spyzou,
Squinshee,
SSknight,
ssmooth,
StalkingButler,
StallioN,
star2pilot,
Starsunsky,
Stas,
steef_h,
Stegosaur,
Stephan Valkyser,
stephaniepa,
stephenstover,
stephen_the_geek,
Steve Carey,
SteveK2,
Steven Universe,
StevoBgg,
stmelvin,
stminchin,
stoebner,
stoneart69,
Stormarov45,
stormcloak,
stormseeker75,
stormwarrior21,
Straddllw,
Straight outta Catan,
stran_get_oo,
Stroodle88,
StuClifford,
sturmfury,
sugusrojo,
Sumidur,
SummerEve,
sumo,
sunbeamer,
sunburn18,
sundaysilence,
sunibd,
Superjero,
superjuanmarin,
surprised,
Surya,
suxx,
svalladolid,
Svartisen,
sverbeure,
SwatSh,
Sweety_liesje,
swegmann,
sweth,
sword256,
SWxNW,
SybotCB,
Sychosymatic,
sykano,
Synthezoid,
syphon,
Sztefan,
s_nav,
Table43,
Taerbjornsen,
TaijiJohn,
taklitmarion,
Tall_Walt,
Tamara8888,
tang tang,
Tanuki93,
Tariff,
TARS9000,
tarzanontoast,
Tastya1ds,
tata_duende,
tbiggs0,
tbpinter,
tburklin,
tcmaka,
tco4545,
tdjohnst2,
TeamGeimer,
Teamjimby,
techchick23,
ted44bertuzzi,
tedesuko,
Tegs,
teha36,
Telomander games,
Telrandir,
temp3ror,
Tendrepie,
tenochi,
tenthirteen,
ten_oclock_scholar,
Terry Egan,
tetraspam,
tgerdes,
thanksgreg,
thatvietguy,
thdizzy,
The Barefoot Killer,
the bilge rat,
the bored gamer,
The Diamond Geezer,
The Player of Games,
The Warp,
theaaron,
Theamazingpinky,
TheBrainDrainer,
TheBuzzWord,
TheCammer,
thecodedawg,
thedailynathan,
TheDorkArts,
TheGargoyle,
thegermwar,
Theilian,
thejadeape,
thelegendarybeng,
TheLordWinter,
TheNameWasTaken,
thenickandonly,
TheRealBradical,
TheRealSlimShady,
thereelaristotle,
TheShadowedOne,
thesinators,
theSlex,
Thesmann,
The_Crimson_King,
The_Rick,
Thies,
thinkingamer,
thomasdv,
thomasjbradley,
ThomasOfUrizen,
Thomassabourin,
thorhispano,
Thorwolf,
thots,
Thracia,
Thrylos,
Thunkd,
tiagoVIP,
tibbarp,
Tibbo80,
tickmanfan,
TiEnMaRi,
tigerninjaman,
Tigrillo,
tilouboy,
timer11,
timidus,
tinwe,
tinyclanger,
tinyplasticships,
tipsyweasel,
Titonuma,
Tjolmir,
TKjazz89,
tkzfggxx,
TMJJS,
toblerdrone,
TofuChan,
Togmosis,
tolding,
Tolkana,
TomBauer,
tombrady69,
TomKat87,
TooOld4Games2,
TORN,
torteth,
tortion,
torva,
touchdowncolts,
touchstonethefool,
Towpowyeah,
tpcordeiro,
trapeze,
Travalgar,
travisangel,
travisclark,
treepicker,
trevorandlinda,
TribalDancer,
tribefan07,
Trickster79,
trif,
TriforceLegend,
Tritrow,
tro6inson,
TroyNyne,
trunkmonkee1971,
truthsdeceit,
trylor24,
Tsaar,
ttaddict36,
TTReviews,
Tuba Deus,
turbotix,
turtleback,
tweiland,
TwiznessAsUsual,
TwiztedLeo,
twiztedterry,
twomadducks,
TwoofftheTop,
TwoZsInAPod,
TyDeL,
tyn53,
Tyralis,
U is for Unicron,
ufasoli,
ufotexspa,
ulheel,
Ultimario,
underdog,
UnlivedPhalanx,
Urgol,
Urtho,
usagi-san,
UVE3Tres,
V For Revenge,
Vacabck,
ValDoonican,
valknut79,
Vandal2002,
varjo,
Vasilis Kourt,
VaultBoy,
vazkez_javi,
Vectis99,
Velcro10w,
Venkaz,
verandi,
vetinari7878,
Vexing,
villepa,
ViniChen,
vintagegamer33,
viragkiss,
visard,
visual_eye,
vitacrux,
von_rugen,
vozpit,
Vroenis,
Vulpes_Lagopus,
vxl119,
Vysetron,
wah_wah,
Walt Mulder,
wamsp,
Wassail Games,
Waylander1,
Webbe,
weesh,
weezyfiggs,
WellMoustachioed,
Wendyjo73,
Wentu,
weston1101,
wevewacko,
wheelieb,
Whisperhand,
whitekid,
Whitesnake333,
whitt4,
Whizkid,
whodo,
whuk,
wicknet,
Wigdogger,
wigrend,
WilcoxDave,
wiley1za,
Will8635,
WillBePlayin,
william kohler,
windfarms,
WindsorBleu,
wiredmaverick,
wisemel,
wittyticcyray,
WIZARD1325,
wizardless,
wizcreations,
wizzy wizz,
wkover,
WLMIV,
Wolfram,
wonggonewrong,
wonkim00,
wormlips,
wread,
wroday,
Wukwadde,
Wyldstyle,
Xahendir,
xandrellas,
xanth92,
Xanthos,
xavierarmstrong,
xbjoernx,
xcaptnmorgan,
xDuc,
xelissa,
xerossilence,
xionc,
xjohncandyx,
xlloyd,
xoanarozarena,
xochristinee,
Xonim,
Xstream,
xtians,
xxxIcarusxxx,
xxyangirlxx,
YaBoyTopher,
yangtze2000,
YazoJoe,
yceman,
Ydole,
yegods,
yentzernathan,
yesbryn,
YggazTheFool,
Yiyeru,
Yldarr,
yolandavi,
youmin,
yr1002love,
Yttrenolv,
Yunow,
yves427,
yvesvanherp,
z10n x,
z3m0g,
zacharius96,
ZackStack,
Zakalwe_Zwakh,
Zaki,
Zalasta,
Zalbar,
zanat0s,
zarapukcy,
zautman,
zedeemia,
zefquaavius,
Zenly,
Zete,
zgabor,
Zigihogan,
Zixzing,
ziyk,
zjhomrighaus,
zombie plumber,
zorroz,
zulcus,
zumby65,
zurfarosa,
_Mark_,
